<?xml version="1.0" encoding="UTF-8"?>
<abogados>
       <abogado id="200">
              <nombre>Juan Perez</nombre>
              <puesto>Familia</puesto>
              <telefono>7777-8888</telefono>
              <servicios>
				<id>100</id>
				<id>101</id>
			  </servicios>
       </abogado>
       <abogado id="201">
              <nombre>Maria Salas</nombre>
              <puesto>Penalista</puesto>
              <telefono>8888-9999</telefono>
              <servicios>
				<id>100</id>
				<id>101</id>
				<id>102</id>
			  </servicios>
       </abogado>
       <abogado id="202">
              <nombre>Pedro Blanco</nombre>
              <puesto>Traspasos</puesto>
              <telefono>9999-77777</telefono>
              <servicios>
				<id>101</id>
			  </servicios>
       </abogado>
</abogados>