<?xml version="1.0" encoding="UTF-8" standalone="no"?>
<solicitudes>
    <solicitud id="1">
        <fecha>2025-06-22 10:30:00</fecha>
        <servicio>
            <id>100</id>
            <nombre>Asesoria Legal</nombre>
            <precio>40000</precio>
        </servicio>
        <cliente>
            <id>300001111</id>
            <nombre>Juan Perez</nombre>
            <telefono>7777-1000</telefono>
            <email>7777-1000</email>
        </cliente>
        <abogado>
            <id>201</id>
            <nombre>Maria Salas</nombre>
            <telefono>8888-9999</telefono>
            <puesto>Penalista</puesto>
            <servicios/>
        </abogado>
        <estado>
            <id>0</id>
            <nombre>Nuevo</nombre>
        </estado>
        <observaciones>Primera reunión con el cliente agendada para el próximo lunes.</observaciones>
        <otros_servicios>
            <id>101</id>
            <id>102</id>
            <id>0</id>
            <id>101</id>
            <id>102</id>
        </otros_servicios>
    </solicitud>
    <solicitud id="2">
        <fecha>2025-06-22 21:00:00</fecha>
        <servicio>
            <id>100</id>
            <nombre>Asesoria Legal</nombre>
            <precio>40000</precio>
        </servicio>
        <cliente>
            <id>300002222</id>
            <nombre>Ana Rojas</nombre>
            <telefono>7777-2000</telefono>
            <email>7777-2000</email>
        </cliente>
        <abogado>
            <id>1</id>
            <nombre/>
            <telefono/>
            <puesto/>
            <servicios/>
        </abogado>
        <estado>
            <id>0</id>
            <nombre>Nuevo</nombre>
        </estado>
        <observaciones>Consulta</observaciones>
        <otros_servicios/>
    </solicitud>
    <solicitud id="3">
        <fecha>2025-06-22 22:00:00</fecha>
        <servicio>
            <id>102</id>
            <nombre>Demandas</nombre>
            <precio>100000</precio>
        </servicio>
        <cliente>
            <id>300003333</id>
            <nombre>Pedro Arnaez</nombre>
            <telefono>7777-3000</telefono>
            <email>7777-3000</email>
        </cliente>
        <abogado/>
        <estado>
            <id>0</id>
            <nombre>Nuevo</nombre>
        </estado>
        <observaciones>Asalto a mano armada</observaciones>
        <otros_servicios/>
    </solicitud>
</solicitudes>
