<?xml version="1.0" ?>
<solicitudes>
  <solicitud id="123456789">
    <fecha_hora>2025-06-16T15:30</fecha_hora>
    <servicio>
      <id>01</id>
      <nombre>Asesoría Legal</nombre>
    </servicio>
    <cliente>
      <id>101</id>
      <nombre>Juan Pérez</nombre>
    </cliente>
    <abogado>
      <id>201</id>
      <nombre>Lic. Ana Gómez</nombre>
    </abogado>
    <estado>
      <id>1</id>
      <descripcion>Pendiente</descripcion>
    </estado>
    <observaciones>Primera consulta gratuita.</observaciones>
    <otros_servicios>
      <id>002</id>
      <id>003</id>
    </otros_servicios>
  </solicitud>
</solicitudes>
