<?xml version="1.0" encoding="UTF-8"?>
<project-private xmlns="http://www.netbeans.org/ns/project-private/1">
    <editor-bookmarks xmlns="http://www.netbeans.org/ns/editor-bookmarks/2" lastBookmarkId="0"/>
    <open-files xmlns="http://www.netbeans.org/ns/projectui-open-files/2">
        <group>
            <file>file:/C:/Users/evans/OneDrive/Documentos/NetBeansProjects/P1/src/Util/HandlerAbogados.java</file>
            <file>file:/C:/Users/evans/OneDrive/Documentos/NetBeansProjects/P1/src/Conceptos/Solicitud.java</file>
            <file>file:/C:/Users/evans/OneDrive/Documentos/NetBeansProjects/P1/src/Conceptos/Estado.java</file>
            <file>file:/C:/Users/evans/OneDrive/Documentos/NetBeansProjects/P1/src/Util/HandlerSolicitudes.java</file>
        </group>
    </open-files>
</project-private>
